epoch,GPU,batchNum,modelCutID_T,allDelay,SendSrunModelReci,CModelDelay
1,0,1,0,2737,2735,2
1,0,1,1,16286,16261,25
1,0,1,2,16099,15938,161
1,0,1,3,5414,5226,188
1,0,1,4,9152,8888,264
1,0,1,5,9062,8732,330
1,0,1,6,4035,3681,354
1,0,1,7,5933,5506,427
1,0,1,8,5299,4831,468
1,0,1,9,5350,4776,574
1,0,1,10,2834,2291,543
1,0,1,11,3641,3000,641
1,0,1,12,3328,2715,613
1,0,1,13,3321,2640,681
1,0,1,14,2222,1510,712
1,0,1,15,2186,1418,768
1,0,1,16,2012,1273,739
1,0,1,17,2066,1271,795
1,0,1,18,1875,1067,808
1,0,1,19,1717,240,1477
1,0,1,20,1797,149,1648
1,0,1,21,1770,125,1645
1,0,1,22,1756,127,1629
1,1,1,0,4696,4613,83
1,1,1,1,15804,15782,22
1,1,1,2,15557,15403,154
1,1,1,3,5028,4841,187
1,1,1,4,8375,8136,239
1,1,1,5,8523,8191,332
1,1,1,6,3492,3129,363
1,1,1,7,4974,4577,397
1,1,1,8,5115,4658,457
1,1,1,9,5114,4581,533
1,1,1,10,2682,2148,534
1,1,1,11,3415,2860,555
1,1,1,12,3363,2750,612
1,1,1,13,3498,2812,686
1,1,1,14,2401,1716,685
1,1,1,15,2220,1510,710
1,1,1,16,2252,1521,731
1,1,1,17,2256,1481,775
1,1,1,18,2077,1285,792
1,1,1,19,1814,350,1464
1,1,1,20,1734,144,1590
1,1,1,21,1804,144,1660
1,1,1,22,1790,128,1662
1,0,2,0,3545,3464,81
1,0,2,1,30520,30486,34
1,0,2,2,30495,30311,184
1,0,2,3,9432,9185,247
1,0,2,4,15830,15544,286
1,0,2,5,15830,15424,406
1,0,2,6,5687,5261,426
1,0,2,7,8705,8220,485
1,0,2,8,8739,8198,541
1,0,2,9,8826,8184,642
1,0,2,10,3916,3260,656
1,0,2,11,5203,4490,713
1,0,2,12,5188,4392,796
1,0,2,13,5095,4269,826
1,0,2,14,2811,1966,845
1,0,2,15,2724,1830,894
1,0,2,16,2595,1705,890
1,0,2,17,2500,1584,916
1,0,2,18,2124,1189,935
1,0,2,19,1928,271,1657
1,0,2,20,2005,177,1828
1,0,2,21,1964,129,1835
1,0,2,22,1941,132,1809
1,1,2,0,2676,2554,122
1,1,2,1,30137,30104,33
1,1,2,2,29672,29488,184
1,1,2,3,8856,8604,252
1,1,2,4,15506,15208,298
1,1,2,5,15405,15008,397
1,1,2,6,5474,5041,433
1,1,2,7,8434,7952,482
1,1,2,8,8569,8037,532
1,1,2,9,8652,8011,641
1,1,2,10,3827,3199,628
1,1,2,11,5025,4330,695
1,1,2,12,5080,4346,734
1,1,2,13,5132,4341,791
1,1,2,14,3052,2177,875
1,1,2,15,2710,1822,888
1,1,2,16,2803,1943,860
1,1,2,17,3028,2060,968
1,1,2,18,2380,1495,885
1,1,2,19,1951,286,1665
1,1,2,20,1989,178,1811
1,1,2,21,1946,131,1815
1,1,2,22,1959,151,1808
1,0,3,0,4193,4072,121
1,0,3,1,47505,47461,44
1,0,3,2,47015,46766,249
1,0,3,3,13139,12838,301
1,0,3,4,22821,22466,355
1,0,3,5,23389,22913,476
1,0,3,6,7957,7460,497
1,0,3,7,13112,12567,545
1,0,3,8,12161,11547,614
1,0,3,9,12062,11353,709
1,0,3,10,4855,4129,726
1,0,3,11,6712,5919,793
1,0,3,12,6721,5858,863
1,0,3,13,6812,5892,920
1,0,3,14,3559,2617,942
1,0,3,15,3005,2042,963
1,0,3,16,3106,2092,1014
1,0,3,17,3053,2046,1007
1,0,3,18,2332,1278,1054
1,0,3,19,2120,294,1826
1,0,3,20,2074,175,1899
1,0,3,21,2045,150,1895
1,0,3,22,2133,136,1997
1,1,3,0,3509,3353,156
1,1,3,1,43668,43630,38
1,1,3,2,44259,44044,215
1,1,3,3,12164,11894,270
1,1,3,4,22784,22432,352
1,1,3,5,22437,21960,477
1,1,3,6,7080,6559,521
1,1,3,7,11761,11201,560
1,1,3,8,12235,11592,643
1,1,3,9,12408,11707,701
1,1,3,10,4695,3945,750
1,1,3,11,6750,5986,764
1,1,3,12,6725,5902,823
1,1,3,13,6739,5825,913
1,1,3,14,3530,2545,985
1,1,3,15,3101,2136,965
1,1,3,16,3190,2159,1031
1,1,3,17,3205,2164,1041
1,1,3,18,2494,1474,1020
1,1,3,19,1994,290,1704
1,1,3,20,2035,182,1853
1,1,3,21,2056,135,1921
1,1,3,22,2064,135,1929
1,0,4,0,5060,4900,160
1,0,4,1,59672,59614,58
1,0,4,2,60892,60633,259
1,0,4,3,16861,16489,372
1,0,4,4,30022,29627,395
1,0,4,5,32387,31774,613
1,0,4,6,9654,9084,570
1,0,4,7,15803,15194,609
1,0,4,8,15928,15215,713
1,0,4,9,17258,16464,794
1,0,4,10,6204,5389,815
1,0,4,11,9100,8202,898
1,0,4,12,9262,8261,1001
1,0,4,13,9118,8056,1062
1,0,4,14,4223,3062,1161
1,0,4,15,3926,2813,1113
1,0,4,16,4274,2995,1279
1,0,4,17,4386,2987,1399
1,0,4,18,2863,1591,1272
1,0,4,19,2233,313,1920
1,0,4,20,2260,209,2051
1,0,4,21,2256,139,2117
1,0,4,22,2255,137,2118
1,1,4,0,4338,4137,201
1,1,4,1,58450,58399,51
1,1,4,2,57945,57702,243
1,1,4,3,15952,15622,330
1,1,4,4,29976,29580,396
1,1,4,5,29583,29052,531
1,1,4,6,8919,8348,571
1,1,4,7,15447,14832,615
1,1,4,8,15388,14673,715
1,1,4,9,15389,14547,842
1,1,4,10,5616,4783,833
1,1,4,11,8310,7455,855
1,1,4,12,8309,7383,926
1,1,4,13,8432,7376,1056
1,1,4,14,4160,3108,1052
1,1,4,15,3631,2587,1044
1,1,4,16,3628,2509,1119
1,1,4,17,3577,2431,1146
1,1,4,18,2723,1592,1131
1,1,4,19,2189,313,1876
1,1,4,20,2208,203,2005
1,1,4,21,2193,134,2059
1,1,4,22,2172,135,2037
1,0,5,0,5675,5468,207
1,0,5,1,72852,72773,79
1,0,5,2,74465,74037,428
1,0,5,3,20269,19723,546
1,0,5,4,36893,36239,654
1,0,5,5,38847,37988,859
1,0,5,6,11566,10671,895
1,0,5,7,19265,18294,971
1,0,5,8,19479,18329,1150
1,0,5,9,19622,18345,1277
1,0,5,10,7182,5886,1296
1,0,5,11,10588,9216,1372
1,0,5,12,10630,9059,1571
1,0,5,13,10339,8776,1563
1,0,5,14,5065,3452,1613
1,0,5,15,4429,2719,1710
1,0,5,16,4507,2749,1758
1,0,5,17,4458,2635,1823
1,0,5,18,3340,1508,1832
1,0,5,19,2896,430,2466
1,0,5,20,2815,212,2603
1,0,5,21,2765,146,2619
1,0,5,22,2842,165,2677
1,1,5,0,5007,4774,233
1,1,5,1,72615,72543,72
1,1,5,2,72361,71975,386
1,1,5,3,19817,19311,506
1,1,5,4,36663,36048,615
1,1,5,5,36389,35538,851
1,1,5,6,11077,10194,883
1,1,5,7,18597,17637,960
1,1,5,8,18896,17756,1140
1,1,5,9,19255,17925,1330
1,1,5,10,7041,5724,1317
1,1,5,11,10281,8885,1396
1,1,5,12,10316,8838,1478
1,1,5,13,10380,8807,1573
1,1,5,14,5035,3448,1587
1,1,5,15,4425,2764,1661
1,1,5,16,4483,2777,1706
1,1,5,17,4534,2789,1745
1,1,5,18,3513,1753,1760
1,1,5,19,2754,331,2423
1,1,5,20,2770,210,2560
1,1,5,21,2784,151,2633
1,1,5,22,2758,144,2614
2,0,1,0,3057,2829,228
2,0,1,1,16090,16065,25
2,0,1,2,15883,15733,150
2,0,1,3,5992,5803,189
2,0,1,4,8902,8645,257
2,0,1,5,8948,8601,347
2,0,1,6,3739,3383,356
2,0,1,7,5204,4797,407
2,0,1,8,5361,4851,510
2,0,1,9,5287,4758,529
2,0,1,10,2787,2239,548
2,0,1,11,3345,2764,581
2,0,1,12,3304,2653,651
2,0,1,13,3381,2646,735
2,0,1,14,2211,1486,725
2,0,1,15,2148,1412,736
2,0,1,16,2176,1422,753
2,0,1,17,2069,1278,791
2,0,1,18,1905,1077,828
2,0,1,19,1694,252,1442
2,0,1,20,1789,150,1639
2,0,1,21,1734,128,1606
2,0,1,22,1765,126,1639
2,1,1,0,2047,1964,83
2,1,1,1,15164,15143,21
2,1,1,2,15506,15360,146
2,1,1,3,4915,4731,184
2,1,1,4,8314,8074,240
2,1,1,5,8452,8114,338
2,1,1,6,3464,3114,350
2,1,1,7,4943,4559,384
2,1,1,8,5004,4544,460
2,1,1,9,5065,4538,527
2,1,1,10,2662,2132,530
2,1,1,11,3307,2723,584
2,1,1,12,3355,2740,615
2,1,1,13,3378,2706,672
2,1,1,14,2300,1609,691
2,1,1,15,2182,1489,693
2,1,1,16,2239,1517,722
2,1,1,17,2207,1478,729
2,1,1,18,2057,1288,769
2,1,1,19,1687,249,1438
2,1,1,20,1759,153,1606
2,1,1,21,1752,130,1622
2,1,1,22,1766,125,1641
2,0,2,0,3451,3363,88
2,0,2,1,30451,30418,33
2,0,2,2,30354,30165,189
2,0,2,3,9493,9238,255
2,0,2,4,15858,15555,303
2,0,2,5,15723,15307,416
2,0,2,6,5715,5262,453
2,0,2,7,8517,8028,489
2,0,2,8,8665,8079,586
2,0,2,9,8640,7998,642
2,0,2,10,3800,3141,659
2,0,2,11,5083,4392,691
2,0,2,12,4946,4220,726
2,0,2,13,5032,4167,865
2,0,2,14,2828,1971,857
2,0,2,15,2599,1707,892
2,0,2,16,2617,1725,892
2,0,2,17,2595,1680,915
2,0,2,18,2155,1189,966
2,0,2,19,1877,279,1598
2,0,2,20,1956,171,1785
2,0,2,21,1893,130,1763
2,0,2,22,1929,141,1788
2,1,2,0,2724,2601,123
2,1,2,1,29059,29026,33
2,1,2,2,29356,29167,189
2,1,2,3,8624,8359,265
2,1,2,4,15077,14779,298
2,1,2,5,15287,14884,403
2,1,2,6,5219,4793,426
2,1,2,7,8281,7812,469
2,1,2,8,8449,7906,543
2,1,2,9,8536,7894,642
2,1,2,10,3710,3061,649
2,1,2,11,5003,4314,689
2,1,2,12,5072,4323,749
2,1,2,13,5229,4376,853
2,1,2,14,2986,2169,817
2,1,2,15,2647,1799,848
2,1,2,16,2665,1800,865
2,1,2,17,2699,1804,895
2,1,2,18,2290,1393,897
2,1,2,19,1882,276,1606
2,1,2,20,1893,160,1733
2,1,2,21,1938,130,1808
2,1,2,22,1888,126,1762
2,0,3,0,4291,4167,124
2,0,3,1,44109,44063,46
2,0,3,2,44616,44384,232
2,0,3,3,12981,12661,320
2,0,3,4,22849,22502,347
2,0,3,5,22706,22227,479
2,0,3,6,7446,6932,514
2,0,3,7,12142,11599,543
2,0,3,8,12082,11443,639
2,0,3,9,11917,11203,714
2,0,3,10,4748,4015,733
2,0,3,11,7042,6242,800
2,0,3,12,6597,5722,875
2,0,3,13,6967,6013,954
2,0,3,14,3364,2389,975
2,0,3,15,3093,2075,1018
2,0,3,16,3023,1997,1026
2,0,3,17,3003,1967,1036
2,0,3,18,2325,1277,1048
2,0,3,19,2143,404,1739
2,0,3,20,2060,196,1864
2,0,3,21,2067,140,1927
2,0,3,22,2075,133,1942
2,1,3,0,3483,3312,171
2,1,3,1,43323,43278,45
2,1,3,2,44071,43823,248
2,1,3,3,12318,12018,300
2,1,3,4,22055,21702,353
2,1,3,5,22367,21896,471
2,1,3,6,7187,6688,499
2,1,3,7,11718,11172,546
2,1,3,8,11934,11272,662
2,1,3,9,11876,11152,724
2,1,3,10,4668,3907,761
2,1,3,11,6599,5828,771
2,1,3,12,6681,5827,854
2,1,3,13,6727,5826,901
2,1,3,14,3513,2607,906
2,1,3,15,3154,2204,950
2,1,3,16,3115,2097,1018
2,1,3,17,3269,2251,1018
2,1,3,18,2547,1514,1033
2,1,3,19,2006,294,1712
2,1,3,20,2072,204,1868
2,1,3,21,2048,135,1913
2,1,3,22,2057,136,1921
2,0,4,0,4885,4722,163
2,0,4,1,58253,58197,56
2,0,4,2,58939,58679,260
2,0,4,3,16538,16187,351
2,0,4,4,30144,29735,409
2,0,4,5,29673,29118,555
2,0,4,6,9307,8719,588
2,0,4,7,15390,14754,636
2,0,4,8,15541,14838,703
2,0,4,9,15381,14574,807
2,0,4,10,5690,4874,816
2,0,4,11,8281,7375,906
2,0,4,12,8106,7157,949
2,0,4,13,8204,7157,1047
2,0,4,14,3854,2766,1088
2,0,4,15,3451,2313,1138
2,0,4,16,3456,2316,1139
2,0,4,17,3386,2226,1160
2,0,4,18,2588,1383,1205
2,0,4,19,2152,316,1836
2,0,4,20,2202,188,2014
2,0,4,21,2199,139,2060
2,0,4,22,2193,141,2052
2,1,4,0,4123,3911,212
2,1,4,1,57621,57571,50
2,1,4,2,57669,57428,241
2,1,4,3,15829,15501,328
2,1,4,4,29156,28756,400
2,1,4,5,29447,28908,539
2,1,4,6,9471,8900,571
2,1,4,7,15288,14652,636
2,1,4,8,15360,14644,716
2,1,4,9,15282,14474,808
2,1,4,10,5519,4719,800
2,1,4,11,8171,7299,872
2,1,4,12,8341,7399,942
2,1,4,13,8589,7571,1018
2,1,4,14,4085,3050,1035
2,1,4,15,3613,2500,1113
2,1,4,16,3595,2465,1130
2,1,4,17,3569,2413,1156
2,1,4,18,2746,1597,1149
2,1,4,19,2166,313,1853
2,1,4,20,2179,215,1964
2,1,4,21,2143,138,2005
2,1,4,22,2176,156,2020
2,0,5,0,5727,5522,205
2,0,5,1,73593,73513,80
2,0,5,2,73776,73358,418
2,0,5,3,20282,19715,567
2,0,5,4,36867,36231,636
2,0,5,5,37528,36632,896
2,0,5,6,11478,10570,908
2,0,5,7,18940,17944,996
2,0,5,8,19105,17979,1126
2,0,5,9,19389,18105,1284
2,0,5,10,7167,5813,1354
2,0,5,11,10499,9078,1421
2,0,5,12,10410,8933,1477
2,0,5,13,10303,8699,1604
2,0,5,14,5064,3397,1667
2,0,5,15,4265,2610,1655
2,0,5,16,4532,2791,1741
2,0,5,17,4494,2754,1740
2,0,5,18,3210,1512,1698
2,0,5,19,2908,421,2487
2,0,5,20,2846,257,2589
2,0,5,21,2820,144,2676
2,0,5,22,2804,159,2645
2,1,5,0,4974,4720,254
2,1,5,1,72256,72191,65
2,1,5,2,72413,72021,392
2,1,5,3,19501,19004,497
2,1,5,4,36453,35841,612
2,1,5,5,36600,35763,837
2,1,5,6,11187,10272,915
2,1,5,7,18933,17954,979
2,1,5,8,18935,17807,1128
2,1,5,9,19311,18041,1270
2,1,5,10,7052,5749,1303
2,1,5,11,10283,8927,1356
2,1,5,12,10441,8978,1463
2,1,5,13,10551,8962,1588
2,1,5,14,5039,3464,1575
2,1,5,15,4598,2888,1709
2,1,5,16,4515,2829,1686
2,1,5,17,4517,2789,1728
2,1,5,18,3475,1726,1749
2,1,5,19,2853,419,2434
2,1,5,20,2862,238,2624
2,1,5,21,2726,138,2588
2,1,5,22,2750,137,2613
3,0,1,0,3038,2804,234
3,0,1,1,16308,16285,23
3,0,1,2,16663,16514,149
3,0,1,3,5704,5498,206
3,0,1,4,9056,8817,239
3,0,1,5,9059,8722,337
3,0,1,6,3825,3453,372
3,0,1,7,5424,5026,398
3,0,1,8,5210,4748,462
3,0,1,9,5160,4624,536
3,0,1,10,2766,2238,528
3,0,1,11,3381,2776,604
3,0,1,12,3317,2670,647
3,0,1,13,3325,2613,712
3,0,1,14,2241,1503,738
3,0,1,15,2187,1426,761
3,0,1,16,2148,1397,751
3,0,1,17,2074,1283,791
3,0,1,18,1867,1059,808
3,0,1,19,1831,360,1470
3,0,1,20,1796,140,1656
3,0,1,21,1765,128,1637
3,0,1,22,1776,129,1647
3,1,1,0,2099,2006,93
3,1,1,1,15284,15264,20
3,1,1,2,15482,15331,151
3,1,1,3,5028,4844,184
3,1,1,4,8453,8217,236
3,1,1,5,8589,8250,339
3,1,1,6,3435,3067,368
3,1,1,7,4998,4602,396
3,1,1,8,5015,4546,469
3,1,1,9,5075,4544,531
3,1,1,10,2694,2148,546
3,1,1,11,3406,2810,596
3,1,1,12,3435,2819,616
3,1,1,13,3449,2762,687
3,1,1,14,2288,1585,703
3,1,1,15,2186,1466,720
3,1,1,16,2268,1508,760
3,1,1,17,2248,1496,752
3,1,1,18,2040,1278,762
3,1,1,19,1706,264,1442
3,1,1,20,1733,144,1589
3,1,1,21,1789,129,1660
3,1,1,22,1758,141,1617
3,0,2,0,3537,3444,93
3,0,2,1,30531,30497,34
3,0,2,2,30510,30324,185
3,0,2,3,9427,9169,258
3,0,2,4,16005,15704,301
3,0,2,5,15766,15356,410
3,0,2,6,5696,5263,433
3,0,2,7,8672,8186,486
3,0,2,8,8868,8331,537
3,0,2,9,8537,7922,615
3,0,2,10,3830,3168,662
3,0,2,11,4971,4300,671
3,0,2,12,5132,4359,773
3,0,2,13,5087,4266,821
3,0,2,14,2714,1901,813
3,0,2,15,2527,1682,845
3,0,2,16,2621,1720,901
3,0,2,17,2480,1584,896
3,0,2,18,2155,1190,965
3,0,2,19,2025,371,1653
3,0,2,20,1913,183,1730
3,0,2,21,1901,134,1767
3,0,2,22,1871,134,1737
3,1,2,0,2757,2630,127
3,1,2,1,29655,29624,31
3,1,2,2,29674,29492,182
3,1,2,3,8627,8381,246
3,1,2,4,15151,14840,311
3,1,2,5,15344,14946,398
3,1,2,6,5222,4764,458
3,1,2,7,8382,7908,474
3,1,2,8,8417,7872,545
3,1,2,9,8910,8290,620
3,1,2,10,3613,2963,650
3,1,2,11,5003,4324,679
3,1,2,12,5087,4325,762
3,1,2,13,5048,4259,789
3,1,2,14,2885,2039,846
3,1,2,15,2622,1784,838
3,1,2,16,2717,1842,875
3,1,2,17,2732,1820,912
3,1,2,18,2308,1368,940
3,1,2,19,1896,277,1619
3,1,2,20,1973,173,1800
3,1,2,21,1951,131,1820
3,1,2,22,1921,131,1790
3,0,3,0,4154,4021,133
3,0,3,1,44552,44509,43
3,0,3,2,44640,44414,226
3,0,3,3,12932,12630,302
3,0,3,4,22829,22487,342
3,0,3,5,22728,22249,479
3,0,3,6,7544,7041,503
3,0,3,7,12120,11587,533
3,0,3,8,12062,11416,646
3,0,3,9,11876,11140,736
3,0,3,10,4989,4212,777
3,0,3,11,6552,5793,759
3,0,3,12,6680,5820,860
3,0,3,13,6489,5533,956
3,0,3,14,3334,2399,935
3,0,3,15,3015,2007,1008
3,0,3,16,3113,2048,1065
3,0,3,17,3022,1944,1078
3,0,3,18,2309,1264,1045
3,0,3,19,2030,299,1731
3,0,3,20,2115,191,1924
3,0,3,21,2159,136,2023
3,0,3,22,2041,138,1903
3,1,3,0,3437,3262,175
3,1,3,1,43769,43728,41
3,1,3,2,44140,43929,211
3,1,3,3,12266,11980,286
3,1,3,4,22680,22326,354
3,1,3,5,22497,22017,480
3,1,3,6,7043,6542,501
3,1,3,7,11890,11336,554
3,1,3,8,11689,11060,629
3,1,3,9,11876,11140,736
3,1,3,10,4750,4007,743
3,1,3,11,6631,5838,793
3,1,3,12,6708,5876,832
3,1,3,13,6725,5805,920
3,1,3,14,3517,2597,920
3,1,3,15,3037,2108,929
3,1,3,16,3062,2116,946
3,1,3,17,3203,2207,996
3,1,3,18,2521,1495,1026
3,1,3,19,2079,339,1740
3,1,3,20,2033,187,1846
3,1,3,21,2024,138,1886
3,1,3,22,2007,135,1872
3,0,4,0,4945,4783,162
3,0,4,1,58631,58575,56
3,0,4,2,58404,58137,267
3,0,4,3,16502,16147,355
3,0,4,4,29800,29394,406
3,0,4,5,30005,29460,545
3,0,4,6,9462,8893,569
3,0,4,7,15452,14828,624
3,0,4,8,15586,14882,704
3,0,4,9,15599,14799,800
3,0,4,10,5736,4902,834
3,0,4,11,8462,7577,885
3,0,4,12,8566,7551,1015
3,0,4,13,8312,7295,1017
3,0,4,14,3952,2922,1030
3,0,4,15,3529,2392,1137
3,0,4,16,3515,2388,1127
3,0,4,17,3400,2232,1168
3,0,4,18,2575,1421,1154
3,0,4,19,2315,424,1891
3,0,4,20,2193,203,1990
3,0,4,21,2173,157,2016
3,0,4,22,2156,135,2021
3,1,4,0,4129,3913,216
3,1,4,1,57485,57433,52
3,1,4,2,58269,58027,242
3,1,4,3,15982,15641,341
3,1,4,4,29160,28763,397
3,1,4,5,29653,29125,528
3,1,4,6,8968,8393,575
3,1,4,7,15131,14519,612
3,1,4,8,15278,14573,705
3,1,4,9,15274,14439,835
3,1,4,10,5613,4803,810
3,1,4,11,8243,7375,868
3,1,4,12,8441,7493,948
3,1,4,13,8301,7284,1017
3,1,4,14,4036,3002,1034
3,1,4,15,3563,2501,1062
3,1,4,16,3540,2433,1107
3,1,4,17,3566,2440,1126
3,1,4,18,2764,1602,1162
3,1,4,19,2123,312,1811
3,1,4,20,2143,199,1944
3,1,4,21,2169,137,2032
3,1,4,22,2173,134,2039
3,0,5,0,5693,5490,203
3,0,5,1,72975,72898,77
3,0,5,2,73886,73494,392
3,0,5,3,20916,20371,545
3,0,5,4,37055,36433,622
3,0,5,5,37085,36218,867
3,0,5,6,11560,10665,895
3,0,5,7,19152,18186,966
3,0,5,8,19338,18195,1143
3,0,5,9,19281,17985,1296
3,0,5,10,7121,5782,1339
3,0,5,11,10618,9247,1371
3,0,5,12,10581,9071,1510
3,0,5,13,10417,8782,1635
3,0,5,14,5123,3450,1673
3,0,5,15,4406,2716,1690
3,0,5,16,4402,2718,1684
3,0,5,17,4290,2557,1733
3,0,5,18,3319,1530,1789
3,0,5,19,2773,310,2463
3,0,5,20,2826,217,2609
3,0,5,21,2778,139,2639
3,0,5,22,2803,142,2661
3,1,5,0,4884,4649,235
3,1,5,1,71737,71660,77
3,1,5,2,71596,71198,398
3,1,5,3,19699,19189,510
3,1,5,4,36387,35762,625
3,1,5,5,36351,35499,852
3,1,5,6,11112,10234,878
3,1,5,7,18761,17773,988
3,1,5,8,19079,17917,1162
3,1,5,9,18957,17666,1291
3,1,5,10,7020,5682,1338
3,1,5,11,10414,9054,1360
3,1,5,12,10338,8869,1469
3,1,5,13,10431,8835,1596
3,1,5,14,4974,3385,1589
3,1,5,15,4531,2835,1696
3,1,5,16,4509,2791,1718
3,1,5,17,4566,2835,1731
3,1,5,18,3412,1687,1725
3,1,5,19,2753,323,2430
3,1,5,20,2821,215,2606
3,1,5,21,2782,141,2641
3,1,5,22,2769,137,2632
4,0,1,0,3026,2795,231
4,0,1,1,16264,16241,23
4,0,1,2,16046,15884,162
4,0,1,3,5684,5493,191
4,0,1,4,8887,8644,243
4,0,1,5,8873,8515,358
4,0,1,6,3742,3370,372
4,0,1,7,5204,4820,384
4,0,1,8,5486,5027,459
4,0,1,9,5382,4807,575
4,0,1,10,2900,2338,562
4,0,1,11,3463,2879,584
4,0,1,12,3353,2718,635
4,0,1,13,3324,2587,737
4,0,1,14,2224,1497,727
4,0,1,15,2164,1422,742
4,0,1,16,2187,1401,786
4,0,1,17,2058,1294,764
4,0,1,18,1899,1065,834
4,0,1,19,1844,362,1482
4,0,1,20,1744,146,1598
4,0,1,21,1787,123,1664
4,0,1,22,1757,126,1631
4,1,1,0,2014,1931,83
4,1,1,1,15286,15266,20
4,1,1,2,15880,15721,159
4,1,1,3,4981,4782,199
4,1,1,4,8401,8135,266
4,1,1,5,8515,8174,341
4,1,1,6,3379,3023,356
4,1,1,7,5012,4614,398
4,1,1,8,4979,4513,466
4,1,1,9,5087,4544,543
4,1,1,10,2690,2136,554
4,1,1,11,3382,2815,567
4,1,1,12,3555,2939,616
4,1,1,13,3468,2779,689
4,1,1,14,2386,1711,675
4,1,1,15,2318,1566,752
4,1,1,16,2237,1500,737
4,1,1,17,2252,1480,772
4,1,1,18,2066,1277,789
4,1,1,19,1814,355,1459
4,1,1,20,1740,142,1598
4,1,1,21,1744,124,1620
4,1,1,22,1767,127,1640
4,0,2,0,3447,3362,85
4,0,2,1,30292,30258,34
4,0,2,2,31009,30827,182
4,0,2,3,9751,9485,266
4,0,2,4,16145,15812,333
4,0,2,5,16021,15614,407
4,0,2,6,5763,5313,450
4,0,2,7,8754,8258,496
4,0,2,8,8797,8249,548
4,0,2,9,8674,8048,626
4,0,2,10,3800,3165,635
4,0,2,11,5053,4357,696
4,0,2,12,4937,4156,781
4,0,2,13,4992,4153,839
4,0,2,14,2802,1927,875
4,0,2,15,2618,1716,902
4,0,2,16,2634,1710,924
4,0,2,17,2525,1617,908
4,0,2,18,2143,1166,977
4,0,2,19,1899,291,1607
4,0,2,20,1928,182,1746
4,0,2,21,1956,130,1826
4,0,2,22,1888,128,1760
4,1,2,0,2729,2602,127
4,1,2,1,29164,29132,32
4,1,2,2,29519,29334,185
4,1,2,3,8554,8317,237
4,1,2,4,15397,15092,305
4,1,2,5,15896,15488,408
4,1,2,6,5313,4868,445
4,1,2,7,8465,7967,498
4,1,2,8,8472,7911,561
4,1,2,9,8562,7914,648
4,1,2,10,3700,3045,655
4,1,2,11,5581,4880,701
4,1,2,12,5140,4388,752
4,1,2,13,5249,4426,823
4,1,2,14,2994,2165,829
4,1,2,15,2785,1928,857
4,1,2,16,2681,1805,876
4,1,2,17,2723,1817,906
4,1,2,18,2292,1378,914
4,1,2,19,1908,274,1634
4,1,2,20,1929,171,1758
4,1,2,21,1895,129,1766
4,1,2,22,1925,131,1794
4,0,3,0,4187,4059,128
4,0,3,1,45197,45151,46
4,0,3,2,45012,44788,224
4,0,3,3,12896,12597,299
4,0,3,4,22726,22379,347
4,0,3,5,22768,22303,465
4,0,3,6,7505,6983,522
4,0,3,7,12062,11510,552
4,0,3,8,12184,11544,640
4,0,3,9,12081,11353,728
4,0,3,10,4793,4063,730
4,0,3,11,6816,6060,756
4,0,3,12,6736,5893,843
4,0,3,13,6637,5737,900
4,0,3,14,3457,2521,936
4,0,3,15,3201,2152,1049
4,0,3,16,3062,2015,1047
4,0,3,17,3105,2059,1046
4,0,3,18,2739,1682,1057
4,0,3,19,2143,288,1855
4,0,3,20,2053,177,1876
4,0,3,21,2066,137,1929
4,0,3,22,2107,177,1930
4,1,3,0,3431,3267,164
4,1,3,1,43555,43514,41
4,1,3,2,43732,43512,220
4,1,3,3,12312,12019,293
4,1,3,4,22078,21734,344
4,1,3,5,22491,22029,462
4,1,3,6,7097,6585,512
4,1,3,7,11741,11205,536
4,1,3,8,11843,11220,623
4,1,3,9,11852,11132,720
4,1,3,10,4636,3886,750
4,1,3,11,6620,5856,764
4,1,3,12,6742,5880,862
4,1,3,13,6716,5811,905
4,1,3,14,3368,2455,913
4,1,3,15,3095,2121,974
4,1,3,16,3132,2169,963
4,1,3,17,3128,2102,1026
4,1,3,18,2551,1507,1044
4,1,3,19,2043,283,1760
4,1,3,20,2063,182,1881
4,1,3,21,2052,164,1888
4,1,3,22,2050,139,1911
4,0,4,0,4841,4680,161
4,0,4,1,58868,58811,57
4,0,4,2,58259,57997,262
4,0,4,3,16408,16050,358
4,0,4,4,30244,29708,536
4,0,4,5,29513,28973,540
4,0,4,6,9419,8815,604
4,0,4,7,15474,14859,615
4,0,4,8,15320,14620,700
4,0,4,9,15362,14556,806
4,0,4,10,5736,4912,824
4,0,4,11,8357,7461,896
4,0,4,12,8244,7297,947
4,0,4,13,8211,7145,1066
4,0,4,14,3891,2821,1070
4,0,4,15,3606,2481,1125
4,0,4,16,3532,2388,1144
4,0,4,17,3382,2233,1149
4,0,4,18,2581,1409,1172
4,0,4,19,2154,308,1846
4,0,4,20,2181,197,1984
4,0,4,21,2153,147,2006
4,0,4,22,2194,135,2059
4,1,4,0,4454,4251,203
4,1,4,1,57482,57430,52
4,1,4,2,57755,57517,238
4,1,4,3,15955,15620,335
4,1,4,4,29152,28759,393
4,1,4,5,29082,28540,542
4,1,4,6,8811,8229,582
4,1,4,7,14933,14310,623
4,1,4,8,15143,14445,698
4,1,4,9,15207,14397,810
4,1,4,10,5576,4749,827
4,1,4,11,8141,7271,870
4,1,4,12,8259,7331,928
4,1,4,13,8433,7353,1080
4,1,4,14,4033,2990,1043
4,1,4,15,3548,2455,1093
4,1,4,16,3567,2463,1104
4,1,4,17,3638,2464,1174
4,1,4,18,2746,1593,1153
4,1,4,19,2114,313,1801
4,1,4,20,2186,183,2003
4,1,4,21,2152,130,2022
4,1,4,22,2125,135,1990
4,0,5,0,5612,5410,202
4,0,5,1,72797,72719,78
4,0,5,2,72113,71707,406
4,0,5,3,20291,19744,547
4,0,5,4,36839,36206,633
4,0,5,5,36820,35967,853
4,0,5,6,11823,10924,899
4,0,5,7,19022,18025,997
4,0,5,8,19385,18224,1161
4,0,5,9,19141,17863,1278
4,0,5,10,7119,5733,1386
4,0,5,11,10316,8956,1360
4,0,5,12,10232,8758,1474
4,0,5,13,10247,8622,1625
4,0,5,14,4985,3352,1633
4,0,5,15,4376,2702,1674
4,0,5,16,4374,2706,1668
4,0,5,17,4326,2561,1765
4,0,5,18,3389,1563,1826
4,0,5,19,3040,497,2543
4,0,5,20,3175,246,2929
4,0,5,21,2819,138,2681
4,0,5,22,2909,197,2712
4,1,5,0,4835,4591,244
4,1,5,1,71762,71696,66
4,1,5,2,71695,71307,388
4,1,5,3,19234,18726,508
4,1,5,4,36076,35460,616
4,1,5,5,36222,35392,830
4,1,5,6,10970,10053,917
4,1,5,7,18733,17779,954
4,1,5,8,18852,17724,1128
4,1,5,9,18838,17567,1271
4,1,5,10,6958,5652,1306
4,1,5,11,10185,8807,1378
4,1,5,12,10512,9065,1447
4,1,5,13,10441,8859,1582
4,1,5,14,5060,3469,1591
4,1,5,15,4415,2757,1658
4,1,5,16,4417,2767,1650
4,1,5,17,4470,2699,1771
4,1,5,18,3476,1745,1731
4,1,5,19,2800,405,2395
4,1,5,20,2843,250,2593
4,1,5,21,2745,152,2593
4,1,5,22,2745,143,2602
